<?xml version="1.0" encoding="UTF-8" standalone="yes"?>
<addon id="repository.monster" name="Monster Repo" version="0.0.5" provider-name="Team Monster">
	<extension point="xbmc.addon.repository" name="Monster Repository">
		<dir>
    <info compressed="false">https://raw.githubusercontent.com/totalrevolution/python-koding/master/zips/addons.xml</info>
    <checksum>https://raw.githubusercontent.com/totalrevolution/python-koding/master/zips/addons.xml.md5</checksum>
    <datadir zip="true">https://raw.githubusercontent.com/totalrevolution/python-koding/master/zips/</datadir>
  </dir>
  <dir>
    <info compressed="false">https://raw.githubusercontent.com/teamuniversal/scrapers/master/_modules4all/zips/addons.xml</info>
    <checksum>https://raw.githubusercontent.com/teamuniversal/scrapers/master/_modules4all/zips/addons.xml.md5</checksum>
    <datadir zip="true">https://raw.githubusercontent.com/teamuniversal/scrapers/master/_modules4all/zips/</datadir>
  </dir>
  <dir>
    <info compressed="false">https://raw.githubusercontent.com/jsergio123/zips/master/addons.xml</info>
    <checksum>https://raw.githubusercontent.com/jsergio123/zips/master/addons.xml.md5</checksum>
    <datadir zip="true">https://raw.githubusercontent.com/jsergio123/zips/master/</datadir>
  </dir>
		<info compressed="false">https://raw.githubusercontent.com/teamrepomonster/repository.monster/master/zips/addons.xml</info>
		<checksum>https://raw.githubusercontent.com/teamrepomonster/repository.monster/master/zips/addons.xml.md5</checksum>
		<datadir zip="true">https://raw.githubusercontent.com/teamrepomonster/repository.monster/master/zips/</datadir>
	</extension>
	<extension point="xbmc.addon.metadata">
		<summary lang="en">Monster Repository</summary>
		<description lang="en">Monster Repo</description>
		<genre></genre>
	</extension>
</addon>