<?xml version="1.0" encoding="UTF-8" standalone="yes"?>
<addon id="repository.monster" name="Monster Repo" version="0.0.3" provider-name="Team Monster">
	<extension point="xbmc.addon.repository" name="Monster Repository">
		<dir>
			<info compressed="false">http://teamuniversal.xyz/modules4all/addons.xml</info>
			<checksum>http://teamuniversal.xyz/modules4all/addons.xml.md5</checksum>
			<datadir zip="true">http://teamuniversal.xyz/modules4all/</datadir>
		</dir>
		<info compressed="false">https://raw.githubusercontent.com/teamrepomonster/repository.monster/master/zips/addons.xml</info>
		<checksum>https://raw.githubusercontent.com/teamrepomonster/repository.monster/master/zips/addons.xml.md5</checksum>
		<datadir zip="true">https://raw.githubusercontent.com/teamrepomonster/repository.monster/master/zips/</datadir>
	</extension>
	<extension point="xbmc.addon.metadata">
		<summary lang="en">Monster Repository</summary>
		<description lang="en">Monster Repo</description>
		<genre></genre>
	</extension>
</addon>